{"description":"OMRS asset type","fields":[{"key":"omrs_entity1.omrs_guid","type":"string","facet":false,"is_array":false,"is_searchable_across_types":false},{"key":"omrs_entity2.omrs_guid","type":"string","facet":false,"is_array":false,"is_searchable_across_types":false},{"key":"omrs_type","type":"string","facet":false,"is_array":false,"is_searchable_across_types":false}],"external_asset_preview":{},"relationships":[],"localized_metadata_attributes":{"name":{"default":"OMRS relationship","en":"OMRS relationship","de":"OMRS-Beziehung","es":"Relación de OMRS","fr":"Relation OMRS","it":"Relazione OMRS","ja":"OMRS 関係","ko":"OMRS 관계","pt":"Relação OMRS","ru":"Взаимосвязь OMRS","sv":"OMRS-relation","zh":"OMRS 关系","zh_TW":"OMRS 關係"}},"global_search_searchable":[],"attribute_only":false,"version":3,"name":"omrs_relationship","scope":"GLOBAL","is_column_custom_attribute":false,"allow_decorators":false}
