{"metadata":{"asset_id":"983e9a35-5ee7-4cdc-a922-2d5a4bf55543","asset_attributes":["notebook"],"name":"EDA","asset_type":"notebook","created_at":"2022-11-20T20:47:08Z","description":"EDA IBM Capstone Project ","origin_country":"us","owner_id":"IBMid-661003WXA0","project_id":"b40d306e-193c-48ad-a94c-6b5ba0183aa7","size":17665,"tags":["notebook"],"usage":{"last_update_time":1668977361143,"last_updated_at":"2022-11-20T20:49:21Z"}},"entity":{"notebook":{"kernel":{"name":"python3","display_name":"Python 3.9","language":"python"},"originates_from":{"type":"blank"},"runtime":{"environment":"conda2rt221-b40d306e-193c-48ad-a94c-6b5ba0183aa7"}}},"attachments":[{"id":"5a07d9e5-8736-4d32-acb0-8e80e67ec2ca","version":2,"asset_type":"notebook","name":"attachment for notebook 983e9a35-5ee7-4cdc-a922-2d5a4bf55543","description":"attachment for notebook 983e9a35-5ee7-4cdc-a922-2d5a4bf55543","mime":"application/json","datasource_type":"193a97c1-4475-4a19-b90c-295c4fdc6517","object_key":"notebook/EDA_PQWOYQ3h-.ipynb","creator_id":"IBMid-661003WXA0","create_time":1668977229146,"size":17665,"is_remote":false,"is_managed":false,"is_referenced":true,"is_object_key_read_only":false,"is_user_provided_path_key":true,"transfer_complete":true,"is_partitioned":false,"complete_time_ticks":1668977229146,"user_data":{},"test_doc":0,"handle":{"bucket":"imbcourse10capstoneproject-donotdelete-pr-f6gwdzt3vhtwuf","location":"eu-geo","type":"bluemix_cos","key":"notebook/EDA_PQWOYQ3h-.ipynb","upload_id":"done","max_part_num":1},"usage":{"access_count":1,"last_accessor_id":"IBMid-661003WXA0","last_access_time":1668977361142,"last_updater_id":"IBMid-661003WXA0","last_update_time":1668977361142}}]}
