{"metadata":{"asset_id":"5277825e-4b47-4e0a-b1ad-b3ada487db2c","asset_attributes":["notebook"],"name":"Data Collection with Web scrapping","asset_type":"notebook","created_at":"2022-11-20T20:26:40Z","description":"Data Collection with Web scrapping ","origin_country":"us","owner_id":"IBMid-661003WXA0","project_id":"b40d306e-193c-48ad-a94c-6b5ba0183aa7","size":16792,"tags":["notebook"],"usage":{"last_update_time":1668976061453,"last_updated_at":"2022-11-20T20:27:41Z"}},"entity":{"notebook":{"kernel":{"name":"python3","display_name":"Python 3.9","language":"python"},"originates_from":{"type":"blank"},"runtime":{"environment":"conda2rt221-b40d306e-193c-48ad-a94c-6b5ba0183aa7"}}},"attachments":[{"id":"1413c612-2681-46f2-be73-af5d714f5abc","version":2,"asset_type":"notebook","name":"attachment for notebook 5277825e-4b47-4e0a-b1ad-b3ada487db2c","description":"attachment for notebook 5277825e-4b47-4e0a-b1ad-b3ada487db2c","mime":"application/json","datasource_type":"193a97c1-4475-4a19-b90c-295c4fdc6517","object_key":"notebook/Data_Collection_with_Web_scrapping_G79nvUXWs.ipynb","creator_id":"IBMid-661003WXA0","create_time":1668976001630,"size":16792,"is_remote":false,"is_managed":false,"is_referenced":true,"is_object_key_read_only":false,"is_user_provided_path_key":true,"transfer_complete":true,"is_partitioned":false,"complete_time_ticks":1668976001630,"user_data":{},"test_doc":0,"handle":{"bucket":"imbcourse10capstoneproject-donotdelete-pr-f6gwdzt3vhtwuf","location":"eu-geo","type":"bluemix_cos","key":"notebook/Data_Collection_with_Web_scrapping_G79nvUXWs.ipynb","upload_id":"done","max_part_num":1},"usage":{"access_count":1,"last_accessor_id":"IBMid-661003WXA0","last_access_time":1668976061452,"last_updater_id":"IBMid-661003WXA0","last_update_time":1668976061452}}]}
