{"metadata":{"asset_id":"a92c8e68-185d-434e-8d68-7076a5915450","asset_attributes":["notebook"],"name":"Interactive Visual Analytics with Folium lab","asset_type":"notebook","created_at":"2022-11-20T20:59:11Z","description":"Interactive Visual Analytics with Folium lab IBM 10 ","origin_country":"us","owner_id":"IBMid-661003WXA0","project_id":"b40d306e-193c-48ad-a94c-6b5ba0183aa7","size":20542,"tags":["notebook"],"usage":{"last_update_time":1668978087030,"last_updated_at":"2022-11-20T21:01:27Z"}},"entity":{"notebook":{"kernel":{"name":"python3","display_name":"Python 3.9","language":"python"},"originates_from":{"type":"blank"},"runtime":{"environment":"conda2rt221-b40d306e-193c-48ad-a94c-6b5ba0183aa7"}}},"attachments":[{"id":"b02ca97d-6158-4f43-8359-8b06ceafc511","version":2,"asset_type":"notebook","name":"attachment for notebook a92c8e68-185d-434e-8d68-7076a5915450","description":"attachment for notebook a92c8e68-185d-434e-8d68-7076a5915450","mime":"application/json","datasource_type":"193a97c1-4475-4a19-b90c-295c4fdc6517","object_key":"notebook/Interactive_Visual_Analytics_with_Folium_lab_l6K4ZGImJ.ipynb","creator_id":"IBMid-661003WXA0","create_time":1668977952797,"size":20542,"is_remote":false,"is_managed":false,"is_referenced":true,"is_object_key_read_only":false,"is_user_provided_path_key":true,"transfer_complete":true,"is_partitioned":false,"complete_time_ticks":1668977952797,"user_data":{},"test_doc":0,"handle":{"bucket":"imbcourse10capstoneproject-donotdelete-pr-f6gwdzt3vhtwuf","location":"eu-geo","type":"bluemix_cos","key":"notebook/Interactive_Visual_Analytics_with_Folium_lab_l6K4ZGImJ.ipynb","upload_id":"done","max_part_num":1},"usage":{"access_count":1,"last_accessor_id":"IBMid-661003WXA0","last_access_time":1668978087028,"last_updater_id":"IBMid-661003WXA0","last_update_time":1668978087028}}]}
