{"metadata":{"asset_id":"55358ffb-5bda-40ad-b5ad-4b00e66b7e25","asset_attributes":["notebook"],"name":"Data Collection API","asset_type":"notebook","created_at":"2022-11-20T20:22:49Z","description":"Data Collection API IBM Capstone ","origin_country":"us","owner_id":"IBMid-661003WXA0","project_id":"b40d306e-193c-48ad-a94c-6b5ba0183aa7","size":476985,"tags":["notebook"],"usage":{"last_update_time":1668976828662,"last_updated_at":"2022-11-20T20:40:28Z"}},"entity":{"notebook":{"kernel":{"name":"python3","display_name":"Python 3.9","language":"python"},"originates_from":{"type":"blank"},"runtime":{"environment":"conda2rt221-b40d306e-193c-48ad-a94c-6b5ba0183aa7"}}},"attachments":[{"id":"1f64fadb-cac3-449f-bebc-b3380cf1f37c","version":2,"asset_type":"notebook","name":"attachment for notebook 55358ffb-5bda-40ad-b5ad-4b00e66b7e25","description":"attachment for notebook 55358ffb-5bda-40ad-b5ad-4b00e66b7e25","mime":"application/json","datasource_type":"193a97c1-4475-4a19-b90c-295c4fdc6517","object_key":"notebook/Data_Collection_API_-AXqI3N7O.ipynb","creator_id":"IBMid-661003WXA0","create_time":1668975769966,"size":476985,"is_remote":false,"is_managed":false,"is_referenced":true,"is_object_key_read_only":false,"is_user_provided_path_key":true,"transfer_complete":true,"is_partitioned":false,"complete_time_ticks":1668975769966,"user_data":{},"test_doc":0,"handle":{"bucket":"imbcourse10capstoneproject-donotdelete-pr-f6gwdzt3vhtwuf","location":"eu-geo","type":"bluemix_cos","key":"notebook/Data_Collection_API_-AXqI3N7O.ipynb","upload_id":"done","max_part_num":1},"usage":{"access_count":5,"last_accessor_id":"IBMid-661003WXA0","last_access_time":1668976828660,"last_updater_id":"IBMid-661003WXA0","last_update_time":1668976828660}}]}
