{"metadata":{"asset_id":"e1e88c6e-5c82-4d7f-a342-8b71dbba1e20","asset_attributes":["notebook"],"name":"EDA with SQL","asset_type":"notebook","created_at":"2022-11-20T20:50:25Z","description":"EDA with SQL IMB CapStone ","origin_country":"us","owner_id":"IBMid-661003WXA0","project_id":"b40d306e-193c-48ad-a94c-6b5ba0183aa7","size":11774,"tags":["notebook"],"usage":{"last_update_time":1668977557965,"last_updated_at":"2022-11-20T20:52:37Z"}},"entity":{"notebook":{"kernel":{"name":"python3","display_name":"Python 3.9","language":"python"},"originates_from":{"type":"blank"},"runtime":{"environment":"conda2rt221-b40d306e-193c-48ad-a94c-6b5ba0183aa7"}}},"attachments":[{"id":"2f23ba95-225d-4c77-b10c-6bab203c1a24","version":2,"asset_type":"notebook","name":"attachment for notebook e1e88c6e-5c82-4d7f-a342-8b71dbba1e20","description":"attachment for notebook e1e88c6e-5c82-4d7f-a342-8b71dbba1e20","mime":"application/json","datasource_type":"193a97c1-4475-4a19-b90c-295c4fdc6517","object_key":"notebook/EDA_with_SQL_j6ZGbgR9J.ipynb","creator_id":"IBMid-661003WXA0","create_time":1668977425877,"size":11774,"is_remote":false,"is_managed":false,"is_referenced":true,"is_object_key_read_only":false,"is_user_provided_path_key":true,"transfer_complete":true,"is_partitioned":false,"complete_time_ticks":1668977425877,"user_data":{},"test_doc":0,"handle":{"bucket":"imbcourse10capstoneproject-donotdelete-pr-f6gwdzt3vhtwuf","location":"eu-geo","type":"bluemix_cos","key":"notebook/EDA_with_SQL_j6ZGbgR9J.ipynb","upload_id":"done","max_part_num":1},"usage":{"access_count":1,"last_accessor_id":"IBMid-661003WXA0","last_access_time":1668977557964,"last_updater_id":"IBMid-661003WXA0","last_update_time":1668977557964}}]}
