{"metadata":{"asset_id":"73512a29-b8c1-4254-b4dc-83416933801a","asset_attributes":["notebook"],"name":"Machine Learning Predictions","asset_type":"notebook","created_at":"2022-11-20T21:03:24Z","description":"Machine Learning Predictions IBM 10","origin_country":"us","owner_id":"IBMid-661003WXA0","project_id":"b40d306e-193c-48ad-a94c-6b5ba0183aa7","size":16721,"tags":["notebook"],"usage":{"last_update_time":1668978338073,"last_updated_at":"2022-11-20T21:05:38Z"}},"entity":{"notebook":{"kernel":{"name":"python3","display_name":"Python 3.9","language":"python"},"originates_from":{"type":"blank"},"runtime":{"environment":"conda2rt221-b40d306e-193c-48ad-a94c-6b5ba0183aa7"}}},"attachments":[{"id":"b852c7bd-085b-450f-8f14-8f07fc30c881","version":2,"asset_type":"notebook","name":"attachment for notebook 73512a29-b8c1-4254-b4dc-83416933801a","description":"attachment for notebook 73512a29-b8c1-4254-b4dc-83416933801a","mime":"application/json","datasource_type":"193a97c1-4475-4a19-b90c-295c4fdc6517","object_key":"notebook/Machine_Learning_Predictions_J1lW2bhnC.ipynb","creator_id":"IBMid-661003WXA0","create_time":1668978204353,"size":16721,"is_remote":false,"is_managed":false,"is_referenced":true,"is_object_key_read_only":false,"is_user_provided_path_key":true,"transfer_complete":true,"is_partitioned":false,"complete_time_ticks":1668978204353,"user_data":{},"test_doc":0,"handle":{"bucket":"imbcourse10capstoneproject-donotdelete-pr-f6gwdzt3vhtwuf","location":"eu-geo","type":"bluemix_cos","key":"notebook/Machine_Learning_Predictions_J1lW2bhnC.ipynb","upload_id":"done","max_part_num":1},"usage":{"access_count":1,"last_accessor_id":"IBMid-661003WXA0","last_access_time":1668978338072,"last_updater_id":"IBMid-661003WXA0","last_update_time":1668978338072}}]}
